{"count":1,"self":10.3200832,"total":55.7594256,"children":{"InitializeActuators":{"count":1,"self":0.0020028999999999997,"total":0.0020028999999999997,"children":null},"InitializeSensors":{"count":1,"self":0.001001,"total":0.001001,"children":null},"AgentInfo.ToProto":{"count":5,"self":0.0010084999999999998,"total":0.0040108999999999995,"children":{"GenerateSensorData":{"count":5,"self":0.0030023999999999997,"total":0.0030023999999999997,"children":null}}},"AgentSendState":{"count":42351,"self":0.055279699999999994,"total":0.97508109999999992,"children":{"CollectObservations":{"count":8471,"self":0.74823169999999994,"total":0.74823169999999994,"children":null},"WriteActionMask":{"count":8471,"self":0.0049945,"total":0.0049945,"children":null},"RequestDecision":{"count":8471,"self":0.018882299999999998,"total":0.16657519999999998,"children":{"AgentInfo.ToProto":{"count":8471,"self":0.018034599999999998,"total":0.1476929,"children":{"GenerateSensorData":{"count":8471,"self":0.1296583,"total":0.1296583,"children":null}}}}}}},"DecideAction":{"count":42351,"self":44.2537984,"total":44.253799699999995,"children":null},"AgentAct":{"count":42351,"self":0.2034472,"total":0.2034472,"children":null}},"gauges":{"PacmanAI.CumulativeReward":{"count":5,"max":323300,"min":0,"runningAverage":200732,"value":235960,"weightedAverage":168301.563}},"metadata":{"timer_format_version":"0.1.0","start_time_seconds":"1689723336","unity_version":"2022.3.3f1","command_line_arguments":"D:\\Program Files\\Unity\\2022.3.3f1\\Editor\\Unity.exe -projectpath D:\\Program Files\\Unity Projects\\Packman_AI -useHub -hubIPC -cloudEnvironment production -licensingIpc LicenseClient-danih -hubSessionId bc8cb985-7214-4004-8af5-72249b3cd65c -accessToken AT2lKECAiyF3Xwp2aoUDs1lw6AiHL_-xEOFP-b9l8e0008f","communication_protocol_version":"1.5.0","com.unity.ml-agents_version":"2.0.1","scene_name":"Pacman_original","end_time_seconds":"1689723392"}}