{"count":1,"self":33.6367808,"total":199.14476249999998,"children":{"InitializeActuators":{"count":1,"self":0.00087139999999999993,"total":0.00087139999999999993,"children":null},"InitializeSensors":{"count":1,"self":0.0010012,"total":0.0010012,"children":null},"AgentInfo.ToProto":{"count":966,"self":0.0030044,"total":0.0145185,"children":{"GenerateSensorData":{"count":966,"self":0.0115141,"total":0.0115141,"children":null}}},"AgentSendState":{"count":170317,"self":0.25043109999999996,"total":4.1033623,"children":{"CollectObservations":{"count":34064,"self":3.467956,"total":3.4679558999999998,"children":null},"WriteActionMask":{"count":34064,"self":0.0160478,"total":0.0160478,"children":null},"RequestDecision":{"count":34064,"self":0.09520279999999999,"total":0.36892749999999996,"children":{"AgentInfo.ToProto":{"count":34064,"self":0.0852091,"total":0.2737247,"children":{"GenerateSensorData":{"count":34064,"self":0.18851559999999998,"total":0.18851559999999998,"children":null}}}}}}},"DecideAction":{"count":170317,"self":160.6554624,"total":160.6554672,"children":null},"AgentAct":{"count":170317,"self":0.7327623,"total":0.7327623,"children":null}},"gauges":{"PacmanAI.CumulativeReward":{"count":966,"max":1.99999976,"min":-0.151851863,"runningAverage":0.2303236,"value":0.5888887,"weightedAverage":0.5781338}},"metadata":{"timer_format_version":"0.1.0","start_time_seconds":"1692372525","unity_version":"2022.3.3f1","command_line_arguments":"D:\\Program Files\\Unity\\2022.3.3f1\\Editor\\Unity.exe -projectpath D:\\Program Files\\Unity Projects\\Packman_AI -useHub -hubIPC -cloudEnvironment production -licensingIpc LicenseClient-danih -hubSessionId 0f7a16be-4f6c-4518-a05b-6bfb4a3fadf4 -accessToken 4vdkTZY1AV6UOQoA8-Dvr5Kuz1Hy0zYKagxYrAI5Yno008f","communication_protocol_version":"1.5.0","com.unity.ml-agents_version":"2.0.1","scene_name":"Small","end_time_seconds":"1692372724"}}